{
  "Profiles": [
    {
      "ASCII Anti Aliased": true,
      "ASCII Ligatures": true,
      "Allow modifyOtherKeys": true,
      "Ambiguous Double Width": false,
      "Ansi 0 Color": {
        "Alpha Component": 1,
        "Blue Component": 0.2031286060810089,
        "Color Space": "sRGB",
        "Green Component": 0.1734282374382019,
        "Red Component": 0.1565571129322052
      },
      "Ansi 1 Color": {
        "Alpha Component": 1,
        "Blue Component": 0.532239556312561,
        "Color Space": "sRGB",
        "Green Component": 0.5120095610618591,
        "Red Component": 0.9096116423606873
      },
      "Ansi 10 Color": {
        "Alpha Component": 1,
        "Blue Component": 0.547452449798584,
        "Color Space": "sRGB",
        "Green Component": 0.7983977794647217,
        "Red Component": 0.6560621857643127
      },
      "Ansi 11 Color": {
        "Alpha Component": 1,
        "Blue Component": 0.4742608070373535,
        "Color Space": "sRGB",
        "Green Component": 0.6669049859046936,
        "Red Component": 0.8576574921607971
      },
      "Ansi 12 Color": {
        "Alpha Component": 1,
        "Blue Component": 0.9508097767829895,
        "Color Space": "sRGB",
        "Green Component": 0.744394838809967,
        "Red Component": 0.44629907608032227
      },
      "Ansi 13 Color": {
        "Alpha Component": 1,
        "Blue Component": 0.8931450843811035,
        "Color Space": "sRGB",
        "Green Component": 0.5672115683555603,
        "Red Component": 0.8234723210334778
      },
      "Ansi 14 Color": {
        "Alpha Component": 1,
        "Blue Component": 0.8049529790878296,
        "Color Space": "sRGB",
        "Green Component": 0.7606737613677979,
        "Red Component": 0.3976817727088928
      },
      "Ansi 15 Color": {
        "Alpha Component": 1,
        "Blue Component": 0.9999999403953552,
        "Color Space": "sRGB",
        "Green Component": 0.9999999403953552,
        "Red Component": 0.9999966025352478
      },
      "Ansi 2 Color": {
        "Alpha Component": 1,
        "Blue Component": 0.547452449798584,
        "Color Space": "sRGB",
        "Green Component": 0.7983977794647217,
        "Red Component": 0.6560621857643127
      },
      "Ansi 3 Color": {
        "Alpha Component": 1,
        "Blue Component": 0.4742608070373535,
        "Color Space": "sRGB",
        "Green Component": 0.6669049859046936,
        "Red Component": 0.8576574921607971
      },
      "Ansi 4 Color": {
        "Alpha Component": 1,
        "Blue Component": 0.9508097767829895,
        "Color Space": "sRGB",
        "Green Component": 0.744394838809967,
        "Red Component": 0.44629907608032227
      },
      "Ansi 5 Color": {
        "Alpha Component": 1,
        "Blue Component": 0.8931450843811035,
        "Color Space": "sRGB",
        "Green Component": 0.5672115683555603,
        "Red Component": 0.8234723210334778
      },
      "Ansi 6 Color": {
        "Alpha Component": 1,
        "Blue Component": 0.8049529790878296,
        "Color Space": "sRGB",
        "Green Component": 0.7606737613677979,
        "Red Component": 0.3976817727088928
      },
      "Ansi 7 Color": {
        "Alpha Component": 1,
        "Blue Component": 0.794598400592804,
        "Color Space": "sRGB",
        "Green Component": 0.7517196536064148,
        "Red Component": 0.7262399196624756
      },
      "Ansi 8 Color": {
        "Alpha Component": 1,
        "Blue Component": 0.5143908858299255,
        "Color Space": "sRGB",
        "Green Component": 0.4651290774345398,
        "Red Component": 0.43546438217163086
      },
      "Ansi 9 Color": {
        "Alpha Component": 1,
        "Blue Component": 0.532239556312561,
        "Color Space": "sRGB",
        "Green Component": 0.5120095610618591,
        "Red Component": 0.9096116423606873
      },
      "BM Growl": true,
      "Background Color": {
        "Alpha Component": 1,
        "Blue Component": 0.2031286060810089,
        "Color Space": "sRGB",
        "Green Component": 0.1734282374382019,
        "Red Component": 0.1565571129322052
      },
      "Background Image Location": "",
      "Badge Color": {
        "Alpha Component": 0.5,
        "Blue Component": 0,
        "Color Space": "sRGB",
        "Green Component": 0.1491314172744751,
        "Red Component": 1
      },
      "Blinking Cursor": false,
      "Blur": false,
      "Bold Color": {
        "Alpha Component": 1,
        "Blue Component": 0.794598400592804,
        "Color Space": "sRGB",
        "Green Component": 0.7517196536064148,
        "Red Component": 0.7262399196624756
      },
      "Character Encoding": 4,
      "Close Sessions On End": true,
      "Columns": 80,
      "Command": "",
      "Cursor Color": {
        "Alpha Component": 1,
        "Blue Component": 0.7810482978820801,
        "Color Space": "sRGB",
        "Green Component": 0.7810582518577576,
        "Red Component": 0.7810397744178772
      },
      "Cursor Guide Color": {
        "Alpha Component": 0.25,
        "Blue Component": 1,
        "Color Space": "sRGB",
        "Green Component": 0.9268307089805603,
        "Red Component": 0.7021318674087524
      },
      "Cursor Text Color": {
        "Alpha Component": 1,
        "Blue Component": 1,
        "Color Space": "sRGB",
        "Green Component": 1,
        "Red Component": 0.9999960064888
      },
      "Custom Command": "No",
      "Custom Directory": "Recycle",
      "Default Bookmark": "No",
      "Description": "Default",
      "Disable Window Resizing": true,
      "Flashing Bell": false,
      "Foreground Color": {
        "Alpha Component": 1,
        "Blue Component": 0.794598400592804,
        "Color Space": "sRGB",
        "Green Component": 0.7517196536064148,
        "Red Component": 0.7262399196624756
      },
      "Guid": "55971AA6-5AC2-4D86-BA17-E0D7976B85E6",
      "Horizontal Spacing": 1,
      "Idle Code": 0,
      "Jobs to Ignore": ["rlogin", "ssh", "slogin", "telnet"],
      "Keyboard Map": {
        "0x2d-0x40000": {
          "Action": 11,
          "Text": "0x1f"
        },
        "0x32-0x40000": {
          "Action": 11,
          "Text": "0x00"
        },
        "0x33-0x40000": {
          "Action": 11,
          "Text": "0x1b"
        },
        "0x34-0x40000": {
          "Action": 11,
          "Text": "0x1c"
        },
        "0x35-0x40000": {
          "Action": 11,
          "Text": "0x1d"
        },
        "0x36-0x40000": {
          "Action": 11,
          "Text": "0x1e"
        },
        "0x37-0x40000": {
          "Action": 11,
          "Text": "0x1f"
        },
        "0x38-0x40000": {
          "Action": 11,
          "Text": "0x7f"
        },
        "0xf700-0x220000": {
          "Action": 10,
          "Text": "[1;2A"
        },
        "0xf700-0x240000": {
          "Action": 10,
          "Text": "[1;5A"
        },
        "0xf700-0x260000": {
          "Action": 10,
          "Text": "[1;6A"
        },
        "0xf700-0x280000": {
          "Action": 11,
          "Text": "0x1b 0x1b 0x5b 0x41"
        },
        "0xf701-0x220000": {
          "Action": 10,
          "Text": "[1;2B"
        },
        "0xf701-0x240000": {
          "Action": 10,
          "Text": "[1;5B"
        },
        "0xf701-0x260000": {
          "Action": 10,
          "Text": "[1;6B"
        },
        "0xf701-0x280000": {
          "Action": 11,
          "Text": "0x1b 0x1b 0x5b 0x42"
        },
        "0xf702-0x220000": {
          "Action": 10,
          "Text": "[1;2D"
        },
        "0xf702-0x240000": {
          "Action": 10,
          "Text": "[1;5D"
        },
        "0xf702-0x260000": {
          "Action": 10,
          "Text": "[1;6D"
        },
        "0xf702-0x280000": {
          "Action": 11,
          "Text": "0x1b 0x1b 0x5b 0x44"
        },
        "0xf703-0x220000": {
          "Action": 10,
          "Text": "[1;2C"
        },
        "0xf703-0x240000": {
          "Action": 10,